分类,二氧化硅(SiO2),氧化钠(Na2O),氧化钾(K2O),氧化钙(CaO),氧化镁(MgO),氧化铝(Al2O3),氧化铁(Fe2O3),氧化铜(CuO),氧化铅(PbO),氧化钡(BaO),五氧化二磷(P2O5),氧化锶(SrO),氧化锡(SnO2),二氧化硫(SO2)
'1-2,25.979166666666643,-0.695,-8.7875,-4.4625,-0.8825000000000002,-4.689999999999999,-1.666666666666667,-0.8908333333333336,-0.4116666666666666,-0.5983333333333333,-1.1224999999999998,-0.041666666666666664,-0.19666666666666666,-0.10166666666666667
'3-4,-29.746872909699007,-1.4664548494983278,-0.08523411371237458,1.3749498327759195,0.009565217391304448,-1.4860869565217394,-0.1519063545150503,0.8440301003344481,21.229063545150495,2.80556856187291,4.228177257525083,0.1502006688963211,0.021939799331103675,1.2070234113712373
